{
  "experiment": "feature_selection_aic",
  "seeds": [
    1,
    2,
    3,
    4,
    5,
    6,
    7,
    8,
    9,
    10
  ],
  "n_folds": 5,
  "n_total_folds": 50,
  "feature_mode": "chunk_only",
  "use_feature_selection": true,
  "lasso_criterion": "aic",
  "metrics": {
    "recall": {
      "mean": 0.8849957285533372,
      "std": 0.0686606178474107,
      "min": 0.689922480620155,
      "max": 0.9700598802395209
    },
    "precision": {
      "mean": 0.42537362972264053,
      "std": 0.0650789795923377,
      "min": 0.2919254658385093,
      "max": 0.6227272727272727
    },
    "f1": {
      "mean": 0.56958794905424,
      "std": 0.052432289286268176,
      "min": 0.44028103044496486,
      "max": 0.690176322418136
    },
    "f2": {
      "mean": 0.7215854692285992,
      "std": 0.04335548102073548,
      "min": 0.6238185255198487,
      "max": 0.7889733840304183
    },
    "average_precision": {
      "mean": 0.7295608565068384,
      "std": 0.04975064113673638,
      "min": 0.5617091042891614,
      "max": 0.8135520411967553
    }
  },
  "threshold_selection_counts": {
    "0.25": 1,
    "0.3": 10,
    "0.35": 19,
    "0.4": 9,
    "0.45": 7,
    "0.5": 2,
    "0.55": 2
  },
  "threshold_mean": 0.375,
  "threshold_median": 0.35,
  "c_selection_counts": {
    "0.25": 3,
    "0.5": 4,
    "1.0": 8,
    "1.5": 13,
    "2.0": 22
  },
  "c_mean": 1.485,
  "c_median": 1.5
}