{
  "experiment": "no_feature_selection",
  "seeds": [
    1,
    2,
    3,
    4,
    5,
    6,
    7,
    8,
    9,
    10
  ],
  "n_folds": 5,
  "n_total_folds": 50,
  "feature_mode": "chunk_only",
  "use_feature_selection": false,
  "lasso_criterion": null,
  "metrics": {
    "recall": {
      "mean": 0.8857931307964079,
      "std": 0.07129697726569138,
      "min": 0.7045454545454546,
      "max": 0.9664429530201343
    },
    "precision": {
      "mean": 0.44851086789526073,
      "std": 0.06025877577961527,
      "min": 0.27100271002710025,
      "max": 0.5595238095238095
    },
    "f1": {
      "mean": 0.5908576307892083,
      "std": 0.050194939699797665,
      "min": 0.42283298097251587,
      "max": 0.6756152125279642
    },
    "f2": {
      "mean": 0.7354409234771101,
      "std": 0.042677758692535664,
      "min": 0.6369426751592356,
      "max": 0.8093869731800766
    },
    "average_precision": {
      "mean": 0.7553793825851314,
      "std": 0.04775980251437232,
      "min": 0.5815969926677889,
      "max": 0.8300101191817807
    }
  },
  "threshold_selection_counts": {
    "0.2": 2,
    "0.25": 6,
    "0.3": 11,
    "0.35": 13,
    "0.4": 10,
    "0.45": 5,
    "0.5": 3
  },
  "threshold_mean": 0.35,
  "threshold_median": 0.35,
  "c_selection_counts": {
    "0.25": 5,
    "0.5": 2,
    "1.0": 4,
    "1.5": 16,
    "2.0": 23
  },
  "c_mean": 1.525,
  "c_median": 1.5
}