{
  "experiment": "feature_selection_bic",
  "seeds": [
    1,
    2,
    3,
    4,
    5,
    6,
    7,
    8,
    9,
    10
  ],
  "n_folds": 5,
  "n_total_folds": 50,
  "feature_mode": "chunk_only",
  "use_feature_selection": true,
  "lasso_criterion": "bic",
  "metrics": {
    "recall": {
      "mean": 0.8824607312532791,
      "std": 0.06418208024109956,
      "min": 0.7046979865771812,
      "max": 0.9880239520958084
    },
    "precision": {
      "mean": 0.361411923535885,
      "std": 0.06946229764724729,
      "min": 0.21868365180467092,
      "max": 0.5162790697674419
    },
    "f1": {
      "mean": 0.5079668986615787,
      "std": 0.06814474873227148,
      "min": 0.35578583765112265,
      "max": 0.6485355648535565
    },
    "f2": {
      "mean": 0.6776311074321408,
      "std": 0.05530533997454187,
      "min": 0.5354449472096531,
      "max": 0.7889733840304183
    },
    "average_precision": {
      "mean": 0.6338152095385693,
      "std": 0.08803049882718297,
      "min": 0.38087043052586106,
      "max": 0.7973469918677777
    }
  },
  "threshold_selection_counts": {
    "0.25": 2,
    "0.3": 8,
    "0.35": 16,
    "0.4": 11,
    "0.45": 11,
    "0.5": 1,
    "0.55": 1
  },
  "threshold_mean": 0.37799999999999995,
  "threshold_median": 0.35,
  "c_selection_counts": {
    "0.25": 2,
    "0.5": 6,
    "1.0": 14,
    "1.5": 14,
    "2.0": 14
  },
  "c_mean": 1.33,
  "c_median": 1.5
}