{
  "experiment": "no_feature_selection",
  "seeds": [
    1,
    2,
    3,
    4,
    5,
    6,
    7,
    8,
    9,
    10
  ],
  "n_folds": 5,
  "n_total_folds": 50,
  "feature_mode": "chunk_only",
  "use_feature_selection": false,
  "lasso_criterion": null,
  "metrics": {
    "recall": {
      "mean": 0.895546550684744,
      "std": 0.058241673680069814,
      "min": 0.7303370786516854,
      "max": 0.9760479041916168
    },
    "precision": {
      "mean": 0.4526188966136491,
      "std": 0.05906469228842051,
      "min": 0.3462897526501767,
      "max": 0.6046511627906976
    },
    "f1": {
      "mean": 0.5974925970189727,
      "std": 0.0480582150574258,
      "min": 0.5064599483204134,
      "max": 0.7172413793103448
    },
    "f2": {
      "mean": 0.7442495335088738,
      "std": 0.03636466150445426,
      "min": 0.6592292089249493,
      "max": 0.8074534161490683
    },
    "average_precision": {
      "mean": 0.7578871390127587,
      "std": 0.04702060673844346,
      "min": 0.58779422047503,
      "max": 0.8355578599253218
    }
  },
  "threshold_selection_counts": {
    "0.2": 1,
    "0.25": 8,
    "0.3": 15,
    "0.35": 10,
    "0.4": 7,
    "0.45": 7,
    "0.5": 2
  },
  "threshold_mean": 0.34299999999999997,
  "threshold_median": 0.35,
  "c_selection_counts": {
    "0.25": 2,
    "0.5": 2,
    "1.0": 9,
    "1.5": 14,
    "2.0": 23
  },
  "c_mean": 1.55,
  "c_median": 1.5
}